,Model name,Method,N,Mean,Median,Std
0,Ridge,lasso,95,0.10719386237952322,0.10913500882414622,0.003126854755682468
