,Model name,Method,N,Mean,Median,Std
1,Lasso,all,166,-0.01365442236006561,-0.013151614094451803,0.0031093006293367734
2,Elastic Net,all,166,-0.01363616324942483,-0.013147428594437925,0.0031097585971074674
0,Ridge,all,166,-0.013584070279114926,-0.013095409480471073,0.002860241662270966
6,Stack2,all,166,-0.013685099381783148,-0.012919021851720535,0.0033702369285222955
3,XGB,all,166,-0.013747073362811692,-0.012549001746378788,0.0035634081736078925
4,LightGBM,all,166,-0.013528247349737824,-0.012475363366077722,0.003376719256517657
5,Stack1,all,166,-0.013706335836388908,-0.012266879180911825,0.0033170334456919855
