,Model name,Method,N,Mean,Median,Std
2,SVR,all,179,-0.026853564209635007,-0.02586035784288342,0.005387388144262183
1,Lasso,all,179,-0.013684986843248401,-0.013232934856165371,0.003096722071502824
3,Elastic Net,all,179,-0.013697909797600055,-0.013212219492121462,0.00308916949883159
0,Ridge,all,179,-0.013596008139824114,-0.01314491813725459,0.002843296191670865
5,Stack,all,179,-0.014039401426135713,-0.012293072072980436,0.0033984122580721183
4,XGB,all,179,-0.013757675250840687,-0.012238333788975667,0.003637474392467289
