,Model name,Method,N,Test,Train,Train-Test
3,XGB,all,204,0.08068742515012818,0.037860659312016966,-0.042826765838111215
6,Stack2,all,204,0.08076820465232952,0.037659275260823334,-0.043108929391506186
5,Stack1,all,204,0.08135024604985591,0.03740143105846242,-0.04394881499139349
1,Lasso,all,204,0.08179592178385696,0.07507431340629565,-0.006721608377561306
2,Elastic Net,all,204,0.08180861909088495,0.07478919031667057,-0.007019428774214381
0,Ridge,all,204,0.08223923279653551,0.0728139417586416,-0.009425291037893913
4,LightGBM,all,204,0.08274279898254429,0.05744766306175187,-0.025295135920792418
