,Model name,Mean
1,Lasso,0.00021964697182246697
3,Elastic Net,0.00021967852126862587
0,Ridge,0.00022023553490957556
2,SVR,0.0003821741565011985
