,Model name,N features,F Sel.,Error
5,Stack1,204,all,7329.169410150894
6,Stack2,204,all,7545.173525377231
3,XGB,204,all,7805.646776406038
7,Voting,0,combinations,7851.080932784642
4,LightGBM,204,all,10750.877229080936
0,Ridge,204,all,12720.943758573385
2,Elastic Net,204,all,13111.061728395061
1,Lasso,204,all,13182.432098765432
