,Model name,N features,F Sel.,Error
6,Stack1,145,best145_mutual_info_regression,7672.122085048011
4,XGB,134,rfe,8008.936213991769
7,Voting,0,combinations,8659.225085491134
1,Lasso,134,rfe,12679.564471879286
3,Elastic Net,134,rfe,12679.564471879286
0,Ridge,134,rfe,13117.796296296296
2,SVR,35,best35_mutual_info_regression,13888.639231824416
5,LightGBM,145,best145_mutual_info_regression,22470.0
