,Model name,N features,Error
5,Stack1,134,6290.708504801098
3,XGB,134,6439.740054869684
6,Voting,134,8467.679845177307
4,LightGBM,134,9728.55281207133
2,Elastic Net,134,12677.509602194787
1,Lasso,134,12679.564471879286
0,Ridge,134,13117.796296296296
